Id,Index,Sex,CHI611,MATH611,ENG611,CHI612,MATH612,ENG612,CHI621,MATH621,ENG621,CHI622,MATH622,ENG622,CHI711,MATH711,ENG711,CHI712,MATH712,ENG712,CHI721,MATH721,ENG721,CHI722,MATH722,ENG722,CHI811,MATH811,ENG811,PHY811,CHI812,MATH812,ENG812,PHY812,CHI821,MATH821,ENG821,PHY821,CHI822,MATH822,ENG822,PHY822,CHI911,MATH911,ENG911,PHY911,CHE911,CHI912,MATH912,ENG912,PHY912,CHE912,CHI921,MATH921,ENG921,PHY921,CHE921
1,A01,F,75,83,95,77,95,96,89,92,98,82,91,98,80,89,93,83,100,95.5,83,94,99,79,93,92,83,96,95,89,86,89,95,84,80,85,92,85,90,111,111,91,125,130,136,72,51,130,134,136.5,88,94,120,137,140,79,57
2,A02,F,88,100,90,88,100,95,91,96,96,86,94,96,85,94,94,88,95,98,82,94,96,83,93,97,93,97,94,97,89,96,100,91,87,82,93,90,105,118,110.5,96,132,150,137,82,58,132,146,142,97,96,134,138,145.5,84,57
3,A03,F,85,97,91,87,96,97,93,98,97,88,93,97,84,94,95,91,98,98,78,95,98,83,93,99,93,97,94,94,88,94,99,86,84,89,96,97,104,115,117.5,97,126,144,136,78,57,132,146,144.5,96,95,134,145,146,86,57
4,A04,F,83,97,97,83,94,97,86,92,97,89,86,95,83,92,91,82,97,95.5,83,90,94,79,90,93,89,95,93,95,88,91,93,80,80,92,93,94,92,119,109,93,125,134,135,83,53,133,129,142,84,94,121,136,140,83,53
5,A05,F,81,89,94,84,89,90,86,94,97,84,88,95,86,87,92,78,94,95,80,89,91,79,86,91,87,90,89,84,86,85,94,85,75,76,92,78,90,94,110,89,127,141,122,73,48,127,137,136,87,92,124,140,128,79,54
6,A06,F,78,100,90,82,99,94,88,99,95,86,95,95,80,96,96,83,86,98.5,NA,NA,NA,86,93,92,89,97,94,97,89,93,92,83,88,84,92,65,97,113,111.5,86,NA,NA,NA,NA,NA,NA,NA,NA,NA,NA,NA,NA,NA,NA,NA
7,A07,F,77,95,95,83,94,93,85,88,97,88,93,95,85,94,93,86,95,95.5,84,84,96,81,87,95,93,93,93,96,91,91,95,85,82,70,95,76,101,110,115,87,128,134,132,74,50,133,147,143.5,77,93,123,136,140,78,50
8,A08,F,75,93,95,83,89,89,86,94,97,84,93,92,81,89,89,85,96,87.5,77,93,91,74,89,90,87,87,91,96,86,88,93,94,81,73,88,80,96,109,111.5,93,119,119,131,77,52,129,136,136,80,95,122,132,143.5,79,51
9,A09,F,83,97,98,81,97,94,85,95,96,88,89,99,82,95,95,94,94,95.5,85,92,98,85,91,96,90,98,96,98,91,92,99,90,84,90,98,89,108,114,115.5,96,135,134,134,81,54,139,140,147.5,91,95,126,132,145.5,87,55
10,A10,F,82,91,90,79,86,89,77,89,85,79,89,89,82,80,87,80,93,84,76,80,82,82,77,88,85,85,85,89,88,87,87,74,76,89,87,72,96,106,106.5,86,120,135,121,70,48,122,136,134,87,85,123,138,136,71,52
11,A11,F,71,89,80,81,95,91,84,94,91,82,93,85,88,94,86,80,91,92.5,78,91,90,77,80,85,90,88,88,95,86,87,87,88,79,89,83,94,90,113,104,95,129,138,118,82,53,126,142,131.5,97,92,118,135,133,86,49
12,A12,F,81,92,89,77,92,97,81,91,93,81,90,91,NA,NA,NA,NA,NA,NA,NA,NA,NA,NA,NA,NA,NA,NA,NA,NA,NA,NA,NA,NA,NA,NA,NA,NA,NA,NA,NA,NA,NA,NA,NA,NA,NA,NA,NA,NA,NA,NA,NA,NA,NA,NA,NA
13,A13,F,82,90,79,80,85,87,87,90,94,83,93,85,79,92,80,80,84,91.5,82,93,85,75,80,84,85,83,86,86,86,80,90,79,79,61,79,72,95,102,101.5,85,121,141,120,74,53,122,137,131.5,78,92,120,127,139,78,53
14,A14,F,74,97,93,84,87,88,82,90,94,80,88,92,83,89,85,82,86,91,78,90,91,78,89,94,88,90,88,92,82,85,92,78,84,91,96,72,93,103,108.5,88,125,121,136,75,41,124,139,135.5,66,89,122,117,133,79,45
15,A15,F,80,83,88,80,84,91,84,83,88,80,92,86,81,93,80,80,87,87.5,81,90,83,77,79,76,84,80,80,95,87,84,87,80,80,84,84,88,97,101,112.5,97,117,129,124,78,48,126,131,134,87,92,122,134,133,80,52
16,A16,F,70,89,73,75,73,75,81,75,65,82,86,78,71,86,71,80,76,71.5,81,84,69,79,72,62,82,72,67,84,87,66,70,62,79,77,70,65,96,101,90,80,124,104,90,67,44,126,128,115.5,72,85,127,119,126.5,67,43
17,A17,M,79,96,93,85,98,95,85,91,89,84,92,94,87,93,90,86,99,92,82,94,90,77,86,88,91,94,82,95,88,86,88,90,81,90,92,90,98,97,115.5,95,131,136,123,81,56,126,138,135,92,93,NA,NA,NA,NA,NA
18,A18,M,77,97,92,81,91,94,84,98,93,79,95,92,71,95,92,87,95,94,87,88,89,77,78,88,83,91,79,86,89,96,90,78,78,93,85,71,99,99,115,90,117,135,124,82,45,129,124,136,91,78,122,134,139,82,50
19,A19,M,83,97,91,82,99,95,87,100,93,85,93,94,86,97,93,78,100,89.5,81,93,95,80,96,96,88,99,93,99,90,99,94,93,75,96,95,93,87,120,117.5,92,129,146,141,85,56,116,140,136,91,96,133,139,141.5,88,55
20,A20,M,80,91,91,80,92,93,75,94,91,71,81,94,66,93,84,80,93,86.5,82,81,85,75,82,89,73,92,79,84,88,88,91,84,76,82,89,92,86,105,98,97,113,129,119,77,53,124,140,129.5,85,92,120,127,134,86,50
21,A21,M,79,98,87,82,97,92,86,94,88,86,99,90,87,94,85,82,96,91.5,84,94,89,84,96,82,84,95,90,97,93,100,93,86,82,95,91,88,93,120,108,92,116,142,126,81,55,127,146,133,93,95,123,137,140,86,57
22,A22,M,79,91,85,82,95,94,81,91,88,83,96,88,84,95,92,86,96,90.5,81,95,90,83,90,90,83,96,86,99,90,92,92,91,86,84,94,95,86,117,109.5,96,132,141,135,80,58,131,142,135,95,93,119,137,142,82,55
23,A23,M,74,93,82,82,97,91,79,99,83,84,95,91,81,90,86,79,97,90.5,84,95,86,83,89,84,87,97,90,96,90,97,93,84,81,95,89,86,97,120,103.5,95,125,140,122,72,53,128,142,135,91,98,128,128,136,83,56
24,A24,M,80,87,87,81,98,91,84,92,89,81,94,92,82,92,91,78,95,95,79,86,95,73,88,87,87,97,91,91,84,95,96,87,84,93,96,83,101,108,113,95,135,129,132,82,55,130,143,140,92,97,124,139,138.5,85,53
25,A25,M,78,95,88,77,99,93,86,97,92,78,95,92,79,98,88,87,94,96.5,85,94,94,81,96,92,86,97,91,97,96,90,97,86,81,93,87,88,95,112,114,97,127,136,126,74,53,121,142,139,84,90,127,148,138.5,86,56
26,A26,M,77,76,84,82,89,80,80,91,80,73,87,86,71,83,79,79,89,90,73,87,84,70,83,81,70,87,84,83,90,87,84,79,75,89,84,56,86,96,98.5,78,124,115,128,75,44,108,126,114.5,69,60,113,120,121,63,47
27,A27,M,79,100,84,82,87,93,77,89,86,79,89,82,85,92,84,82,91,88.5,83,86,88,74,83,92,85,92,89,86,87,85,85,84,76,84,87,80,87,107,106.5,94,131,136,116,77,55,121,135,120.5,87,90,115,129,135,83,51
28,A28,M,81,94,96,91,95,92,85,94,93,86,89,96,85,94,97,92,100,94,NA,NA,NA,79,94,97,89,95,96,90,93,90,97,82,NA,NA,NA,NA,NA,NA,NA,NA,NA,NA,NA,NA,NA,NA,NA,NA,NA,NA,NA,NA,NA,NA,NA
29,A29,M,72,99,93,77,91,81,80,93,88,74,95,89,71,94,83,73,96,89,77,90,87,74,93,84,78,96,86,95,85,96,89,86,82,93,92,91,88,116,110.5,97,112,142,126,84,52,126,146,138.5,93,93,117,145,138,87,55
30,A30,M,71,84,91,81,92,85,75,94,90,79,93,91,76,96,82,77,91,90,72,87,85,72,89,84,76,88,73,82,85,92,88,87,72,90,91,81,84,110,109,94,118,131,121,76,52,112,132,129.5,90,91,113,150,124,78,49
31,A31,M,78,97,85,80,100,91,81,99,93,90,93,91,86,97,93,87,97,93.5,81,96,91,80,95,95,88,96,92,97,87,98,95,85,78,92,97,95,98,120,112.5,94,123,145,130,79,55,130,146,139,86,93,124,140,141.5,84,54
32,A32,M,75,83,84,80,85,81,70,88,87,83,91,88,82,91,85,82,87,87.5,79,83,88,80,89,88,85,84,87,93,82,87,93,80,81,92,88,86,95,96,107,84,118,138,124,76,53,125,127,130.5,85,90,122,134,130,84,52
33,A33,M,66,87,86,79,86,86,80,88,82,80,84,76,84,87,77,81,97,90.5,77,96,93,77,94,92,85,90,85,88,91,96,89,74,83,77,89,79,91,108,105.5,91,123,145,131,73,47,117,149,131.5,91,90,117,129,138,79,49
34,A34,M,55,84,89,64,89,86,68,86,83,67,84,88,78,83,80,71,87,86.5,70,76,83,68,79,80,74,85,81,90,76,68,77,73,63,84,80,74,84,105,94,84,109,90,112,73,38,114,130,120.5,78,82,105,122,128.5,72,44
35,A35,M,66,90,93,81,83,90,83,90,91,74,85,91,75,95,85,83,88,83.5,NA,NA,NA,72,80,87,89,91,85,86,85,86,87,73,77,82,89,78,100,105,110,93,NA,NA,NA,NA,NA,NA,NA,NA,NA,NA,NA,NA,NA,NA,NA
36,A36,M,61,73,71,67,71,60,71,61,45,69,74,67,NA,NA,NA,NA,NA,NA,NA,NA,NA,NA,NA,NA,NA,NA,NA,NA,NA,NA,NA,NA,NA,NA,NA,NA,NA,NA,NA,NA,NA,NA,NA,NA,NA,NA,NA,NA,NA,NA,NA,NA,NA,NA,NA
37,A37,M,71,92,71,73,78,74,72,83,80,74,80,79,72,86,75,69,93,78.5,73,83,81,75,75,73,77,71,75,77,84,58,77,60,73,76,69,43,86,101,78,71,118,103,97,67,33,108,121,109,68,72,110,121,120.5,60,41
38,A38,NA,NA,NA,NA,NA,NA,NA,NA,NA,NA,NA,NA,NA,71,83,75,68,93,82.5,75,85,78,74,73,86,73,84,80,85,88,75,92,71,79,84,88,68,86,102,107.5,87,123,124,124,68,45,121,130,134.5,75,81,112,123,134.5,69,49
39,A39,NA,NA,NA,NA,NA,NA,NA,NA,NA,NA,NA,NA,NA,70,84,65,84,74,58.5,75,72,68,73,64,72,83,32,55,69,84,55,60,65,71,56,61,50,90,76,86.5,69,117,84,77,56,36,115,111,84,58,70,107,101,108,49,28
40,A40,NA,NA,NA,NA,NA,NA,NA,NA,NA,NA,NA,NA,NA,NA,NA,NA,NA,NA,NA,87,93,89,86,88,90,91,97,94,91,88,86,96,81,80,89,92,89,95,114,116,93,126,146,130,74,53,124,143,141.5,92,89,121,137,137,82,53
41,A41,NA,NA,NA,NA,NA,NA,NA,NA,NA,NA,NA,NA,NA,NA,NA,NA,NA,NA,NA,79,85,73,72,67,83,87,49,81,72,89,50,82,72,71,66,78,57,94,80,106.5,70,118,107,109,68,46,125,111,124,70,77,112,113,131,64,43
42,B01,F,85,100,95,83,91,99,84,96,92,78,97,95,85,95,91,80,91,93.5,74,93,93,83,85,90,86,93,91,97,87,91,94,94,83,94,91,97,97,117,114,96,134,142,130,87,59,124,137,138.5,94,98,129,137,141,83,54
43,B02,F,79,96,94,78,94,96,75,96,96,77,92,97,70,93,94,83,97,97,77,95,97,81,95,97,78,91,93,99,92,88,97,91,81,92,96,87,102,114,118,97,122,NA,138,88,54,133,143,144,94,97,128,140,140.5,87,56
44,B03,F,79,97,99,80,99,98,90,100,98,82,99,98,77,95,97,88,97,97.5,83,94,98,80,90,96,86,99,97,97,91,90,98,98,84,95,97,96,101,117,117,99,136,142,137,85,57,126,148,146.5,95,95,130,134,146,86,55
45,B04,F,83,100,94,73,96,91,86,95,94,75,91,95,83,95,91,78,99,98,81,93,92,78,92,96,89,93,86,96,84,92,97,85,83,96,94,95,89,105,109.5,99,127,135,126,82,55,122,142,138.5,88,93,122,138,137.5,80,53
46,B05,F,76,91,94,89,97,98,89,100,95,88,95,97,87,97,98,86,100,97,82,93,94,85,88,99,84,96,95,96,87,95,98,92,89,89,93,100,99,120,116.5,99,137,145,133,83,59,135,145,144,95,93,122,144,146,88,58
47,B06,F,78,93,95,87,100,100,91,97,98,90,93,98,84,95,99,91,97,97,86,94,96,86,89,99,92,98,100,97,87,93,99,86,83,91,98,95,100,118,115.5,99,140,144,137,90,57,130,144,146.5,98,97,134,136,147.5,88,57
48,B07,F,82,96,98,88,92,100,90,96,99,89,95,98,82,90,97,88,88,99,89,91,97,88,86,96,90,83,96,95,88,86,98,92,81,79,93,91,94,93,119,98,135,141,134,81,54,135,146,141.5,92,95,129,135,145,85,45
49,B08,F,77,93,97,81,86,92,85,95,98,82,90,97,80,92,95,80,89,94,84,85,94,80,84,92,82,91,96,84,87,72,92,83,76,78,90,86,90,97,116.5,86,127,136,133,80,49,132,142,143,84,95,120,116,138,82,47
50,B09,F,79,95,91,82,94,91,82,95,93,81,95,92,82,93,88,85,98,95.5,86,82,93,72,94,92,89,86,90,93,91,88,94,88,80,89,91,92,97,110,105.5,99,126,136,128,76,49,129,147,144,87,89,127,143,131,84,49
51,B10,F,80,96,88,81,95,95,85,94,99,84,95,97,87,94,95,89,92,96.5,80,95,95,86,90,93,89,97,95,95,89,84,96,89,82,88,93,94,105,104,116,96,123,139,135,77,48,132,143,141,88,93,129,127,140,85,52
52,B11,F,78,99,89,81,92,87,79,97,95,84,98,94,79,95,95,85,96,91.5,75,98,95,79,92,92,77,95,89,92,88,87,97,94,76,85,93,93,91,103,112.5,94,126,137,126,79,50,130,139,140,83,92,119,136,136,87,54
53,B12,F,79,93,94,82,93,92,79,96,93,81,94,92,76,88,85,83,95,89,77,92,92,79,87,86,78,98,85,96,86,94,89,91,78,82,89,81,90,109,105.5,93,125,132,127,80,52,117,133,140.5,88,87,121,140,138,83,49
54,B13,F,73,92,84,85,86,89,89,95,84,85,96,91,82,93,90,83,100,92,81,92,88,78,94,90,87,97,84,93,89,92,86,86,82,82,88,92,96,115,103.5,100,135,146,124,85,55,122,145,139.5,94,88,125,135,139,81,54
55,B14,F,71,84,87,75,84,94,81,84,93,78,82,86,69,83,83,76,84,91,77,81,88,72,74,88,77,68,79,88,79,46,88,74,70,76,83,80,77,97,102.5,83,108,105,123,72,46,112,116,136,80,78,105,123,132,69,41
56,B15,F,80,98,88,77,88,89,86,89,97,83,90,94,83,91,90,83,88,90,80,85,92,79,68,86,84,85,89,94,86,64,87,84,87,81,90,77,86,76,104.5,98,125,83,120,70,45,124,123,134,64,59,130,109,136.5,75,37
57,B16,F,77,87,90,79,81,91,86,84,92,77,95,94,80,95,90,85,97,92,77,91,93,83,89,91,83,97,87,97,90,76,92,90,76,85,89,93,93,95,114.5,99,130,142,135,78,54,125,137,141,81,84,120,140,138,83,53
58,B17,F,69,54,34,66,40,47,67,66,33,59,56,39,67,72,34,59,51,28.5,42,35,30,65,24,29,72,6,26,54,71,1,21,52,63,8,40,54,65,25,26.5,60,108,13,33,48,21,NA,NA,NA,NA,NA,105,40,54.5,47,23
59,B18,F,75,93,78,71,98,84,85,98,84,78,92,84,77,92,70,NA,NA,NA,72,92,79,72,91,80,86,95,91,99,89,92,68,87,75,85,73,94,89,109,85,93,118,139,97,85,55,128,134,119,90,91,114,131,114.5,83,54
60,B19,M,87,100,90,77,97,86,90,95,92,80,95,94,77,93,92,79,98,90,80,90,90,73,83,90,81,93,92,97,86,82,89,93,75,86,86,97,87,105,107,95,126,130,114,89,48,118,142,131.5,95,90,118,132,139,84,53
61,B20,M,79,100,93,79,88,90,77,97,93,77,98,91,73,95,89,79,92,90,72,96,91,77,90,86,80,95,82,96,87,93,87,87,75,90,84,91,94,104,112,95,119,148,124,81,56,117,144,138.5,97,93,120,146,137.5,87,57
62,B21,M,82,100,86,84,93,97,88,97,97,83,100,96,88,95,98,89,100,97,84,87,98,86,92,97,87,100,95,98,89,96,96,95,84,94,98,95,105,114,116.5,94,127,134,145,89,59,124,144,145.5,95,97,123,139,143,89,57
63,B22,M,78,92,88,79,85,88,79,92,90,67,89,87,81,96,89,73,91,90.5,79,84,87,74,79,84,72,72,81,86,84,66,81,74,NA,NA,NA,NA,94,100,101.5,90,115,119,121,69,46,115,118,134,83,77,123,121,129.5,75,38
64,B23,M,81,98,95,85,93,98,91,96,100,86,95,98,86,93,96,92,100,97.5,80,95,92,87,94,95,87,98,92,98,91,94,96,97,86,91,97,93,103,110,114.5,97,128,140,142,86,56,133,141,143,96,90,128,137,133,87,53
65,B24,M,77,98,93,82,97,93,83,94,96,86,92,98,87,88,93,85,99,95.5,86,93,94,78,83,97,90,95,94,98,87,84,94,93,84,91,93,97,103,109,115.5,100,123,139,132,81,57,130,128,139.5,98,97,128,138,140,87,56
66,B25,M,81,98,92,86,91,92,83,93,90,84,91,96,85,93,93,84,94,94.5,80,93,96,78,80,92,87,90,92,92,90,85,95,88,83,89,93,87,97,104,113,97,125,136,133,76,55,126,140,135.5,89,92,125,134,142.5,86,55
67,B26,M,80,93,91,75,90,86,88,94,91,73,90,89,75,92,94,83,97,89.5,78,88,95,85,93,94,85,97,94,100,87,96,95,89,79,89,95,96,88,115,117,98,122,132,134,82,55,122,149,139.5,92,92,118,140,144,82,50
68,B27,M,80,99,88,81,93,91,82,96,86,82,94,92,80,91,88,82,97,91.5,81,91,91,81,84,91,85,86,86,92,83,84,90,80,72,85,89,89,95,101,106,90,128,120,118,71,46,114,133,133.5,94,82,113,114,132,85,42
69,B28,M,78,100,91,80,97,97,83,98,92,81,97,95,80,93,95,83,100,94.5,81,93,94,75,88,93,79,90,86,93,90,84,91,91,83,87,89,97,92,105,108,93,117,143,133,85,53,121,138,131.5,95,82,118,128,137,81,50
70,B29,M,77,100,89,80,99,94,82,97,91,81,98,97,84,95,92,78,96,93.5,80,94,93,75,81,96,83,95,89,97,89,88,97,93,84,76,91,96,93,116,108,97,123,134,123,82,53,116,123,128.5,84,92,112,113,140.5,80,48
71,B30,M,83,100,87,85,96,87,74,92,88,80,93,87,82,93,80,80,97,85.5,73,94,85,73,98,86,79,91,75,96,87,89,74,88,74,89,77,91,97,114,90,96,112,135,114,84,57,118,136,123,93,94,118,137,122,83,54
72,B31,M,73,97,90,78,93,91,73,93,93,80,95,92,75,95,86,80,93,95.5,78,93,88,76,83,93,81,92,88,94,89,88,95,88,76,85,95,90,92,99,112,93,125,128,131,81,53,125,136,141,94,93,112,129,143,87,47
73,B32,M,72,86,73,79,89,79,76,90,79,63,87,80,60,91,70,76,93,75.5,68,86,62,73,77,76,75,91,68,84,81,85,79,78,74,74,74,81,65,110,94.5,90,116,139,103,75,49,111,138,106,87,86,108,128,119.5,77,52
74,B33,M,78,93,81,81,94,82,83,85,87,78,94,94,73,88,77,80,81,84,72,91,92,80,86,88,80,93,80,96,87,84,77,84,78,78,75,93,91,106,108,95,116,127,111,80,43,123,128,130,85,89,120,127,134,81,54
75,B34,M,76,84,83,74,84,91,76,81,81,72,82,85,81,83,81,68,76,85,78,83,85,74,81,82,77,92,84,80,79,70,87,74,73,73,87,81,87,95,109,84,120,118,128,72,46,121,125,134,77,82,115,116,126.5,78,43
76,B35,M,71,77,79,72,79,77,76,87,78,74,82,87,81,86,70,79,78,86,NA,NA,NA,77,66,82,NA,NA,NA,NA,NA,NA,NA,NA,NA,NA,NA,NA,NA,NA,NA,NA,NA,NA,NA,NA,NA,NA,NA,NA,NA,NA,NA,NA,NA,NA,NA
77,B36,M,86,92,87,83,98,90,83,96,91,79,95,93,NA,NA,NA,NA,NA,NA,NA,NA,NA,NA,NA,NA,NA,NA,NA,NA,NA,NA,NA,NA,NA,NA,NA,NA,NA,NA,NA,NA,NA,NA,NA,NA,NA,NA,NA,NA,NA,NA,NA,NA,NA,NA,NA
78,B37,NA,NA,NA,NA,NA,NA,NA,NA,NA,NA,NA,NA,NA,81,95,92,80,90,96.5,86,90,87,NA,NA,NA,NA,NA,NA,NA,NA,NA,NA,NA,NA,NA,NA,NA,NA,NA,NA,NA,NA,NA,NA,NA,NA,NA,NA,NA,NA,NA,NA,NA,NA,NA,NA
79,B38,NA,NA,NA,NA,NA,NA,NA,NA,NA,NA,NA,NA,NA,84,85,82,85,93,93.5,81,91,90,80,84,90,88,84,83,86,89,82,94,83,82,76,93,88,96,83,109.5,90,137,130,124,78,49,121,133,137,88,92,120,136,137,82,50
80,B39,NA,NA,NA,NA,NA,NA,NA,NA,NA,NA,NA,NA,NA,78,91,80,75,94,85.5,77,92,92,79,84,89,81,86,80,96,89,81,91,87,80,87,91,95,92,102,108.5,96,125,132,121,81,48,126,135,141.5,98,83,121,140,137.5,84,51
81,B40,NA,NA,NA,NA,NA,NA,NA,NA,NA,NA,NA,NA,NA,NA,NA,NA,85,95,90,75,90,94,82,84,94,88,85,87,96,88,73,96,81,78,52,92,89,94,98,114.5,97,127,122,126,81,43,125,121,134.5,83,86,121,130,143.5,86,52
82,B41,NA,NA,NA,NA,NA,NA,NA,NA,NA,NA,NA,NA,NA,NA,NA,NA,NA,NA,NA,NA,NA,NA,82,91,90,88,86,87,95,89,92,87,88,79,87,95,92,93,109,107.5,96,128,131,128,83,48,123,137,137.5,91,88,118,138,137,80,52
83,B42,NA,NA,NA,NA,NA,NA,NA,NA,NA,NA,NA,NA,NA,NA,NA,NA,NA,NA,NA,NA,NA,NA,NA,NA,NA,92,97,93,100,93,99,97,89,82,93,95,100,97,117,116.5,100,131,144,139,87,58,126,142,143,96,93,127,141,147.5,87,53
84,C01,F,80,92,93,81,90,89,72,86,94,71,93,94,76,90,89,75,92,87,81,88,89,77,86,88,79,84,87,96,84,92,94,90,78,90,91,90,92,111,114.5,94,113,128,129,80,51,109,135,134,86,85,115,132,134,77,48
85,C02,F,78,100,94,82,94,100,78,100,97,83,95,97,83,100,97,85,97,97,77,96,97,81,97,97,84,100,95,99,84,97,99,98,77,94,93,98,93,110,115,96,131,144,138,87,57,119,150,141.5,91,96,122,142,142,90,57
86,C03,F,77,92,92,80,92,95,84,88,92,75,83,93,81,92,96,83,86,95.5,79,96,92,76,86,92,86,89,93,94,83,75,93,82,77,85,92,84,88,113,114.5,95,128,137,117,71,42,122,133,133.5,78,78,113,136,137.5,83,51
87,C04,F,79,80,91,75,100,87,82,97,86,83,93,93,76,93,94,75,91,91,81,94,92,75,91,90,82,96,85,92,87,86,92,77,77,77,88,89,89,117,102.5,96,129,135,110,74,48,116,139,131.5,89,83,118,135,129,84,50
88,C05,F,79,95,94,81,99,97,81,97,93,81,98,100,82,90,90,85,98,95.5,78,96,97,82,95,96,81,95,87,93,85,90,98,98,71,90,93,91,92,113,112.5,98,126,136,126,78,49,123,137,142,89,90,123,129,141,87,54
89,C06,F,79,95,97,85,97,100,85,94,98,80,94,99,84,94,97,83,94,96,68,96,96,82,88,98,83,97,88,92,79,96,100,90,79,89,97,96,94,109,112.5,98,127,142,131,79,50,122,142,139,89,89,120,137,143.5,86,53
90,C07,F,85,95,94,84,88,98,80,96,95,82,89,94,85,95,89,84,92,95,84,91,93,79,93,97,87,92,82,96,86,85,92,90,82,87,92,93,93,108,115,96,126,125,128,74,55,121,135,144.5,91,96,125,136,138,85,56
91,C08,F,69,97,90,84,88,91,84,93,90,78,87,92,74,96,90,79,86,91.5,83,90,90,80,94,93,80,87,91,94,81,98,95,92,71,90,90,92,92,111,116,97,121,145,136,75,50,114,138,140.5,86,95,128,130,143,86,57
92,C09,F,70,82,82,67,80,82,75,85,84,72,96,79,67,90,73,70,95,83.5,73,81,91,74,87,87,81,88,82,87,79,84,88,79,73,79,84,82,85,107,101.5,95,119,135,115,73,51,108,128,127.5,93,88,102,122,136.5,86,52
93,C10,F,79,81,89,77,85,83,78,81,89,79,94,90,75,89,86,80,98,92,74,85,87,73,88,89,84,93,85,94,84,83,79,87,72,88,85,90,87,98,107,98,122,128,116,72,48,126,133,132,90,87,110,129,134,79,51
94,C11,F,77,87,85,72,79,88,79,87,87,75,87,90,75,77,87,72,79,81.5,78,88,85,69,80,83,73,91,84,89,78,71,77,75,78,77,84,83,87,102,98.5,94,116,117,117,68,44,122,133,129.5,80,84,123,109,136,79,53
95,C12,F,78,93,92,81,87,95,87,87,95,81,92,92,84,95,93,78,87,95.5,81,94,92,86,90,91,85,97,86,92,90,84,92,88,72,88,92,100,98,111,110.5,99,133,138,128,78,48,117,129,144,90,86,119,122,139.5,85,50
96,C13,F,74,84,83,74,75,87,81,83,86,75,97,93,67,86,76,81,86,84,74,93,79,69,80,85,72,90,78,80,77,69,68,74,68,73,70,71,84,84,101.5,93,116,107,112,66,38,111,125,127,68,75,120,121,129,69,44
97,C14,F,80,82,87,71,80,86,74,84,83,79,76,90,77,81,82,77,77,94,74,90,95,68,80,94,83,81,87,89,77,76,94,83,77,73,87,80,92,91,118,94,120,136,128,75,47,122,133,134.5,80,85,121,131,134,83,52
98,C15,M,76,100,90,80,96,92,79,90,86,85,100,98,82,100,84,77,100,93.5,78,95,96,78,93,92,85,100,88,97,84,97,91,98,77,95,91,96,95,120,111,96,125,150,136,85,56,125,146,141.5,94,98,120,149,141,88,57
99,C16,M,84,100,87,83,94,92,77,94,91,83,98,96,82,97,95,87,96,91,75,95,96,81,100,94,80,91,93,98,84,98,95,96,78,96,92,94,93,113,112.5,97,123,146,125,83,59,125,141,141,89,97,117,140,142,88,56
100,C17,M,73,95,87,79,86,85,71,85,86,77,96,90,83,90,82,78,98,90.5,78,88,91,79,90,90,89,91,88,96,82,90,91,91,70,91,80,97,84,107,102.5,100,124,145,119,86,59,123,146,130,90,90,115,133,133,80,57
101,C18,M,74,95,97,83,94,96,77,90,95,87,98,95,84,98,98,88,94,94,81,93,95,86,91,95,82,94,93,95,85,98,99,94,78,93,90,99,94,106,113.5,99,118,130,135,88,56,124,143,137.5,91,96,123,146,143,87,56
102,C19,M,84,84,93,82,84,94,81,90,96,74,94,96,81,92,90,85,88,94.5,78,90,92,73,76,92,68,81,87,91,85,86,91,77,75,81,85,82,90,98,110,94,119,119,127,70,35,117,123,137.5,79,79,115,115,135,79,49
103,C20,M,71,93,95,82,95,93,73,90,91,75,98,96,79,94,91,84,95,94,76,91,96,74,94,93,87,93,93,93,84,96,93,87,78,88,92,96,97,115,115.5,97,122,143,126,85,57,132,145,138,89,97,121,145,142,89,57
104,C21,M,78,71,94,80,88,89,77,83,93,71,78,94,74,82,87,78,75,86.5,81,81,95,71,76,93,70,83,84,84,84,79,89,77,73,82,91,82,88,110,106.5,89,120,123,119,71,33,118,132,135,68,69,115,123,134.5,72,45
105,C22,M,79,92,89,82,99,93,81,88,83,75,90,89,79,87,90,84,91,94.5,82,92,89,76,82,93,81,95,85,89,81,87,90,89,75,86,89,97,97,114,112,96,124,140,124,74,50,117,143,131.5,86,93,119,133,136.5,85,57
106,C23,M,79,95,95,78,91,94,77,90,92,75,96,98,75,95,93,79,90,96,NA,NA,NA,75,91,93,75,95,92,92,76,93,98,90,72,86,92,89,91,101,110.5,93,NA,NA,NA,NA,NA,NA,NA,NA,NA,NA,NA,NA,NA,NA,NA
107,C24,NA,NA,NA,NA,81,NA,NA,NA,NA,NA,NA,NA,NA,NA,NA,NA,NA,NA,NA,NA,NA,NA,NA,NA,NA,NA,NA,NA,NA,NA,NA,NA,NA,NA,NA,NA,NA,NA,NA,NA,NA,NA,NA,NA,NA,NA,NA,NA,NA,NA,NA,NA,NA,NA,NA,NA
108,C25,M,79,92,91,77,88,94,83,96,96,83,95,92,80,95,98,69,96,97.5,81,91,97,76,86,95,84,100,94,94,84,97,98,96,73,95,94,98,89,113,116,99,126,146,128,87,56,120,148,136,98,94,127,140,143.5,88,54
109,C26,M,79,88,88,81,93,92,87,98,99,83,97,94,85,96,93,85,95,96,82,92,95,81,89,92,83,87,90,92,82,84,98,84,81,93,93,97,90,108,110.5,92,118,143,129,76,53,117,138,140,97,96,120,143,137.5,87,53
110,C27,M,87,100,87,81,93,87,73,92,86,76,79,86,77,96,87,82,96,90,75,88,86,77,82,88,88,88,84,92,83,84,84,88,66,82,81,97,98,112,106.5,94,121,128,116,74,56,124,133,134.5,86,93,114,137,135,81,54
111,C28,M,82,80,83,72,82,84,NA,NA,NA,71,82,83,65,86,75,68,83,81.5,76,80,78,59,74,81,69,89,75,77,72,73,82,79,53,54,68,76,76,79,98.5,89,111,101,105,75,32,105,115,115.5,78,77,82,100,119,62,36
112,C29,M,70,84,91,71,82,82,73,90,87,74,68,88,74,80,83,66,89,89,73,90,87,72,69,80,82,86,86,83,77,86,89,83,70,84,79,76,89,104,109,95,108,131,128,75,45,114,131,128.5,90,91,120,127,135,81,55
113,C30,M,75,80,88,74,83,87,67,87,81,74,69,85,79,87,80,81,83,91,75,76,85,69,79,88,82,81,83,92,80,83,89,79,74,85,82,82,90,92,107,90,119,128,120,82,45,121,140,133,89,83,115,142,137.5,77,53
114,C31,M,84,84,86,76,79,88,75,91,75,72,80,93,70,89,75,70,83,85,77,88,83,60,78,84,70,85,74,80,71,76,85,77,67,81,73,69,78,101,103.5,89,106,114,94,66,41,114,112,109.5,79,74,83,125,125,73,39
115,C32,M,79,83,83,78,79,93,66,88,91,75,84,94,70,85,91,80,87,96.5,75,90,94,74,83,95,81,84,88,86,78,70,94,73,65,77,82,68,79,99,109.5,84,121,103,123,67,45,104,113,132,72,85,98,108,134,73,46
116,C33,M,68,86,88,61,93,87,77,88,89,72,85,85,77,91,94,82,90,96,66,89,91,68,76,88,79,90,90,90,84,92,92,89,NA,NA,NA,NA,92,115,116.5,96,119,128,128,77,48,119,134,140.5,96,90,111,128,136,86,54
117,C34,F,79,86,91,87,85,95,83,93,90,74,91,97,86,91,89,86,92,91.5,80,92,90,83,87,94,83,88,83,97,83,84,92,86,75,86,93,89,93,102,110.5,97,126,142,127,80,45,129,138,133.5,94,84,121,126,129.5,86,52
118,C35,F,67,73,77,69,81,74,66,72,62,64,81,70,74,78,68,65,80,66,71,80,73,70,68,69,76,80,62,82,71,72,66,73,60,79,63,77,77,94,84,86,102,95,89,67,37,105,123,93,72,72,95,113,120,74,46
119,C36,F,72,68,78,70,68,75,74,74,68,72,88,82,73,90,63,77,76,70.5,68,78,78,69,83,68,71,70,73,74,77,70,61,66,60,73,70,46,79,81,86,69,105,106,80,57,33,NA,NA,NA,NA,NA,106,104,111,56,37
120,C37,NA,NA,NA,NA,NA,NA,NA,93,100,91,83,97,95,85,96,92,79,96,95,80,82,92,80,94,94,84,91,93,92,87,86,91,83,79,88,92,86,89,107,113,93,120,133,123,83,55,120,132,142,91,91,124,127,144,83,55
121,D01,F,75,85,85,80,98,82,83,94,89,80,97,92,79,97,88,83,98,92.5,77,93,90,72,97,90,75,95,86,100,85,93,94,90,75,85,86,87,97,112,117.5,94,127,136,137,87,54,126,136,140,93,97,120,137,144.5,86,52
122,D02,F,69,95,62,77,93,70,63,80,70,73,92,71,72,92,55,68,92,55.5,75,84,51,69,88,56,68,91,52,86,83,80,48,70,78,87,51,75,88,103,54,86,111,100,92,72,48,124,137,99,60,84,118,122,103,66,47
123,D03,F,79,95,90,81,92,91,78,90,96,78,93,90,79,89,88,76,87,89,73,87,90,74,73,88,90,84,79,96,86,75,90,90,80,75,89,70,86,91,96,88,125,93,118,73,46,119,119,129.5,70,86,113,106,140.5,74,48
124,D04,F,79,98,92,81,88,95,81,91,94,81,93,92,82,96,90,81,90,96,77,90,94,77,90,91,88,97,85,91,83,86,92,90,75,82,91,86,91,112,113,97,120,116,126,75,56,125,136,140.5,89,89,118,129,144,81,52
125,D05,F,71,94,86,71,92,96,76,88,92,83,90,92,70,93,86,75,89,93.5,68,88,88,71,93,93,81,79,82,89,86,80,89,82,78,85,92,72,88,97,106,92,116,126,129,75,50,109,138,133,87,91,114,124,132,76,52
126,D06,F,83,86,83,76,89,75,75,81,84,75,85,84,74,87,73,72,85,86,NA,NA,NA,67,79,81,NA,NA,NA,NA,NA,NA,NA,NA,NA,NA,NA,NA,NA,NA,NA,NA,NA,NA,NA,NA,NA,NA,NA,NA,NA,NA,NA,NA,NA,NA,NA
127,D07,F,71,80,88,78,89,89,73,81,87,78,87,90,71,91,84,79,87,91.5,65,84,86,68,82,83,78,81,80,87,86,74,88,83,70,74,86,63,85,97,107,90,108,105,113,74,41,120,129,120,74,83,121,122,132,70,47
128,D08,F,75,93,80,78,86,80,80,NA,76,78,70,78,69,85,70,79,97,82,72,80,81,67,85,83,75,82,71,92,82,65,79,78,75,74,87,64,83,87,103,88,118,104,121,68,49,119,131,120,64,81,104,107,128,55,38
129,D09,F,79,100,78,80,93,85,74,90,92,76,97,93,73,93,79,77,95,83.5,78,85,85,67,81,82,76,91,78,82,83,81,78,85,79,85,83,83,87,99,95,93,122,101,114,74,49,127,121,122.5,75,88,108,125,126.5,75,50
130,D10,F,79,88,90,77,90,85,79,93,85,80,82,80,73,86,78,75,84,76.5,NA,NA,NA,73,80,79,NA,NA,NA,NA,NA,NA,NA,NA,NA,NA,NA,NA,NA,NA,NA,NA,NA,NA,NA,NA,NA,NA,NA,NA,NA,NA,NA,NA,NA,NA,NA
131,D11,F,75,92,92,81,90,95,82,88,92,80,94,97,74,94,92,86,92,94.5,75,88,93,71,83,97,89,98,92,91,82,86,96,87,84,83,93,87,89,111,116,88,119,128,131,71,48,125,134,136.5,86,94,127,130,141.5,83,51
132,D12,F,78,85,88,84,85,88,76,79,85,78,84,88,67,72,74,81,83,86,76,78,82,67,75,82,81,76,69,83,82,60,74,75,74,69,79,65,88,86,96,71,116,97,93,59,44,109,98,106,60,76,112,106,123.5,54,47
133,D13,F,70,69,60,74,68,57,74,70,57,71,77,61,73,55,46,71,64,58.5,73,78,54,74,57,45,71,52,37,70,77,47,36,59,64,53,48,41,81,77,46,62,110,75,55,35,28,108,97,46,50,49,NA,NA,NA,NA,NA
134,D14,F,77,68,72,81,64,71,74,74,62,79,75,62,78,60,52,76,67,56,74,66,60,67,60,58,76,57,49,55,81,55,51,46,71,54,60,30,84,55,74,58,106,59,67,45,30,116,88,83,57,56,107,85,85,42,31
135,D15,F,76,85,87,77,86,84,67,79,82,79,81,85,80,77,72,69,75,76.5,79,75,78,64,63,70,76,46,67,75,72,70,64,62,68,65,73,46,83,86,90,71,107,72,95,56,40,122,119,115,64,65,116,83,114.5,65,41
136,D16,F,72,81,76,77,86,77,74,82,88,84,91,87,81,93,77,77,90,85.5,75,84,82,75,80,89,89,81,86,88,80,83,91,78,75,81,88,82,93,109,111,92,112,123,115,70,45,117,128,135.5,87,91,123,123,138,81,54
137,D17,M,66,84,89,72,91,84,80,92,94,73,95,95,88,94,91,80,93,93.5,79,90,87,77,82,95,83,96,82,87,83,84,93,84,74,87,90,80,87,103,108.5,87,116,129,130,72,52,112,137,135,71,80,117,134,137.5,80,50
138,D18,M,73,89,82,74,79,77,74,96,77,71,88,82,76,85,75,74,91,82.5,70,84,84,65,86,84,78,87,79,98,84,86,81,88,72,84,73,91,85,102,97,95,119,117,107,77,53,111,132,127,87,96,114,122,133,84,53
139,D19,M,76,97,90,77,95,91,82,89,87,81,92,94,79,86,83,80,89,93,75,94,90,76,89,94,83,91,90,96,82,86,93,93,74,85,92,80,89,106,102.5,89,124,145,129,85,56,119,145,142,81,96,116,120,136.5,82,55
140,D21,M,76,81,78,77,82,84,72,87,78,75,80,86,71,79,78,75,83,80.5,71,77,82,67,73,83,73,75,80,84,77,62,77,72,74,61,80,64,86,74,99,87,112,103,119,74,51,110,125,124,73,81,100,112,128,77,47
141,D22,M,75,86,83,84,79,77,72,73,85,75,86,79,75,91,82,84,91,83.5,79,80,79,74,70,76,82,84,79,91,88,80,87,84,78,74,83,78,95,89,94,99,126,101,113,74,45,119,116,115.5,80,86,120,114,111,79,46
142,D23,M,73,78,80,80,81,80,NA,NA,NA,70,77,83,64,87,78,74,77,81.5,70,63,72,68,67,75,72,60,76,79,83,54,77,72,69,60,75,62,80,72,98,73,97,67,103,69,43,112,113,116,61,55,102,109,119,57,32
143,D24,M,72,94,78,76,84,72,60,84,70,78,88,74,71,97,71,74,95,73.5,64,80,76,73,83,76,75,92,68,96,74,87,68,81,65,80,74,82,85,105,89,94,112,118,111,77,55,104,131,112.5,75,93,103,123,118,84,50
144,D25,M,60,83,64,64,78,64,48,70,56,68,81,60,68,91,63,69,88,71.5,71,71,67,65,NA,60,67,80,57,84,73,57,63,72,65,69,60,50,88,93,74,63,105,91,78,59,44,103,126,76,61,67,100,111,109.5,57,41
145,D26,M,59,66,68,56,65,55,59,55,60,64,81,58,59,84,54,73,76,56,63,74,61,52,78,56,60,60,47,83,64,72,45,70,57,61,44,64,69,93,50,75,90,76,72,54,41,93,111,82.5,58,75,81,103,76,62,37
146,D27,M,69,85,81,62,75,74,63,83,71,62,90,69,66,92,60,66,87,78,71,73,67,61,78,65,70,64,62,79,73,66,64,56,57,69,62,58,73,95,78,61,101,105,92,56,45,100,111,97,66,70,96,106,100.5,50,41
147,D28,M,64,82,66,85,81,68,69,85,75,73,90,77,66,94,67,68,84,79.5,74,73,78,69,86,83,80,89,72,93,83,70,69,88,74,76,76,85,83,107,97.5,93,126,120,114,78,54,112,131,125.5,93,94,112,122,122,84,54
148,D29,M,72,71,60,71,85,64,72,81,60,67,83,63,70,77,50,69,93,68,76,77,54,61,70,54,67,79,61,75,75,57,51,71,69,70,62,61,75,103,72.5,80,113,90,89,60,53,120,118,95.5,71,86,99,112,107.5,73,44
149,D30,M,75,98,81,75,92,85,82,93,89,84,96,85,74,97,81,75,96,82.5,78,91,91,69,90,85,81,97,86,95,83,95,93,84,80,88,84,84,87,110,106.5,98,118,131,126,76,51,109,138,137.5,89,98,115,140,139,85,57
150,D31,NA,NA,NA,NA,NA,NA,NA,80,89,82,80,99,87,82,97,83,87,91,90.5,79,90,90,76,93,96,89,87,85,88,87,90,92,87,78,89,91,84,94,110,107.5,97,124,123,124,71,52,128,133,137,92,94,123,128,145,82,51
151,D32,NA,NA,NA,NA,NA,NA,NA,NA,NA,NA,NA,NA,NA,NA,NA,NA,NA,NA,NA,NA,NA,NA,NA,NA,NA,77,83,68,67,79,78,77,66,63,78,74,71,79,90,89.5,81,112,111,104,66,48,117,118,114.5,76,84,107,122,118.5,62,40
152,E01,F,81,79,74,72,63,77,74,80,72,77,83,84,82,76,72,86,85,80.5,82,83,78,76,78,82,80,81,70,90,87,70,78,71,73,73,71,85,93,106,91.5,81,115,123,102,63,46,119,117,113.5,77,81,115,121,129,71,49
153,E02,F,77,93,86,72,94,89,80,93,88,82,89,91,84,88,90,84,80,89,77,78,85,79,76,91,84,81,89,92,83,64,90,88,75,76,88,82,87,80,110.5,99,126,113,114,76,45,121,133,129,85,81,114,127,131,76,50
154,E03,F,73,89,76,55,65,69,64,75,72,71,65,75,71,70,62,72,68,79.5,NA,NA,NA,79,54,80,72,61,65,79,81,57,72,80,62,61,67,65,84,77,90.5,79,NA,NA,NA,NA,NA,NA,NA,NA,NA,NA,NA,NA,NA,NA,NA
155,E04,F,78,92,80,77,88,76,70,83,78,78,92,79,76,80,73,73,86,81.5,79,93,79,80,86,81,78,89,79,93,85,83,79,87,67,81,82,85,90,95,102,90,110,105,105,72,44,123,124,129.5,76,86,111,121,124,77,51
156,E05,F,71,69,74,75,75,69,66,71,67,78,73,72,81,88,64,76,79,76.5,73,74,71,74,75,72,78,89,74,95,78,64,76,91,71,80,71,91,85,107,96.5,97,118,123,97,76,48,118,131,119.5,81,86,112,121,118,83,54
157,E06,F,85,100,84,78,93,94,82,94,93,82,92,91,76,96,88,86,91,94.5,NA,NA,NA,76,89,96,NA,NA,NA,NA,NA,NA,NA,NA,NA,NA,NA,NA,NA,NA,NA,NA,NA,NA,NA,NA,NA,NA,NA,NA,NA,NA,NA,NA,NA,NA,NA
158,E07,F,60,81,61,59,74,66,60,70,56,71,76,54,NA,NA,NA,NA,NA,NA,NA,NA,NA,NA,NA,NA,NA,NA,NA,NA,NA,NA,NA,NA,NA,NA,NA,NA,NA,NA,NA,NA,NA,NA,NA,NA,NA,NA,NA,NA,NA,NA,NA,NA,NA,NA,NA
159,E08,F,70,96,83,81,93,85,78,85,85,83,86,88,74,87,76,75,86,79.5,74,88,91,81,76,83,81,87,76,98,85,69,76,88,69,82,80,84,95,97,100.5,93,110,102,102,72,45,116,127,122,82,83,118,109,128.5,81,51
160,E09,F,67,82,70,77,79,74,78,83,74,70,88,78,NA,NA,NA,NA,NA,NA,NA,NA,NA,NA,NA,NA,NA,NA,NA,NA,NA,NA,NA,NA,NA,NA,NA,NA,NA,NA,NA,NA,NA,NA,NA,NA,NA,NA,NA,NA,NA,NA,NA,NA,NA,NA,NA
161,E10,F,69,81,70,64,70,73,69,80,74,74,80,81,66,84,68,74,72,76,66,77,68,80,75,73,73,73,62,84,82,71,60,79,70,60,66,69,85,98,75,79,110,77,96,67,42,112,106,102,61,85,114,99,103.5,60,44
162,E11,F,76,65,70,78,75,73,75,73,69,80,77,82,73,83,65,78,72,79,75,68,79,71,68,79,83,72,69,86,80,62,78,73,73,64,69,72,90,70,90,89,111,98,94,49,42,110,122,101.5,66,78,112,114,108,61,44
163,E12,F,72,78,71,75,77,71,78,84,79,73,78,75,70,86,62,70,74,70,72,85,72,81,72,70,76,66,62,92,80,55,65,81,71,74,74,84,83,83,91,88,105,86,76,69,43,116,120,114.5,65,75,114,98,108.5,59,41
164,E13,F,73,76,80,77,77,85,82,72,84,74,96,85,78,85,80,83,83,87,76,79,86,80,91,90,85,87,77,92,86,77,90,97,72,84,80,86,97,99,106,91,118,131,104,72,48,120,132,132,84,90,119,113,129,82,54
165,E14,F,64,65,64,68,69,65,57,68,58,63,62,60,58,54,60,67,68,59.5,64,56,47,65,51,60,63,61,45,77,74,43,43,64,66,58,49,45,85,53,56.5,56,96,52,70,33,21,96,68,72,51,42,95,84,78.5,41,20
166,E15,M,74,76,72,69,81,78,71,87,82,72,95,81,67,91,68,65,92,74.5,67,91,85,68,88,75,73,87,75,91,78,91,76,90,75,84,81,88,84,107,98,90,110,129,117,79,55,118,130,122.5,91,90,119,134,133.5,83,51
167,E16,M,79,99,81,63,87,78,77,77,73,75,84,79,72,90,78,68,87,74.5,75,70,79,75,76,82,79,75,74,88,78,62,82,72,65,72,76,72,82,84,85.5,73,105,93,103,67,40,111,117,105,65,62,103,96,121,60,41
168,E17,M,69,79,70,65,88,75,85,82,81,72,79,89,70,82,69,78,84,77.5,NA,NA,NA,78,80,75,NA,NA,NA,NA,NA,NA,NA,NA,NA,NA,NA,NA,NA,NA,NA,NA,NA,NA,NA,NA,NA,NA,NA,NA,NA,NA,NA,NA,NA,NA,NA
169,E18,M,78,99,80,79,92,78,77,89,83,81,89,88,NA,NA,NA,NA,NA,NA,NA,NA,NA,NA,NA,NA,NA,NA,NA,NA,NA,NA,NA,NA,NA,NA,NA,NA,NA,NA,NA,NA,NA,NA,NA,NA,NA,NA,NA,NA,NA,NA,NA,NA,NA,NA,NA
170,E19,M,74,80,79,77,91,83,77,78,84,78,72,84,77,86,83,81,75,90.5,69,83,83,76,73,84,79,78,72,84,78,61,90,81,73,69,74,85,84,92,102.5,91,113,99,119,72,48,102,125,129.5,83,83,118,120,126.5,83,48
171,E20,M,77,87,81,75,90,83,75,90,90,75,86,94,83,94,84,82,97,91.5,76,78,88,79,89,88,79,97,79,91,84,83,81,85,73,80,85,83,91,96,112,88,125,123,121,75,47,118,125,132.5,87,90,115,128,133,83,53
172,E21,M,68,65,65,73,62,62,71,73,63,68,64,75,NA,NA,NA,NA,NA,NA,NA,NA,NA,NA,NA,NA,NA,NA,NA,NA,NA,NA,NA,NA,NA,NA,NA,NA,NA,NA,NA,NA,NA,NA,NA,NA,NA,NA,NA,NA,NA,NA,NA,NA,NA,NA,NA
173,E22,M,60,48,60,65,55,56,64,63,63,54,60,55,67,61,48,61,61,52,65,60,46,66,51,53,68,39,39,71,75,38,46,63,56,38,49,40,74,38,51.5,69,80,40,65,52,30,94,60,58,54,51,80,86,72.5,51,22
174,E23,M,57,83,57,70,70,64,57,78,53,64,71,60,68,76,50,69,75,57,68,69,54,67,67,50,62,62,42,75,64,49,43,78,52,67,54,70,77,84,67.5,82,101,86,61,62,28,105,120,85.5,75,75,95,93,91,77,39
175,E24,M,67,63,68,61,64,60,77,67,61,57,72,62,60,67,58,60,71,59.5,77,52,61,65,40,56,73,46,53,85,75,22,60,74,61,50,50,65,76,65,58.5,64,98,58,65,54,28,93,70,85,52,45,97,91,101,49,21
176,E25,M,65,60,65,63,57,60,60,60,61,66,64,60,66,83,63,73,76,65,68,75,68,65,74,65,66,78,61,87,61,56,62,82,54,75,67,75,77,84,75,78,97,91,98,71,39,101,125,111.5,76,58,87,105,111,65,43
177,E26,M,62,58,46,62,42,46,68,41,33,59,9,24,71,7,21,52,15,18.5,53,2,26,40,8,24,46,6,15,46,50,6,21,39,45,3,23,20,57,12,16,32,83,8,37,11,7,73,8,23,13,15,71,14,27,26,9
178,E27,M,54,77,65,61,50,60,64,75,70,68,60,70,55,57,49,70,65,68,71,81,61,65,55,60,59,56,66,81,69,52,66,80,54,60,62,71,81,54,72,68,103,76,91,62,45,109,108,78,69,80,103,98,99,66,39
179,E28,M,64,64,39,52,44,47,56,37,44,47,27,42,26,20,40,52,19,31,48,21,36,42,1,27,62,9,31,75,64,5,34,63,47,8,29,37,65,17,25,59,103,27,54,33,27,103,29,34.5,43,55,85,39,50,44,40
180,E29,M,65,71,62,60,42,62,70,63,60,69,45,55,69,54,49,68,41,47.5,70,61,53,70,60,56,77,39,43,83,69,26,52,59,63,50,49,47,76,52,52.5,61,96,41,70,50,33,104,68,52,58,65,96,60,78,44,34
181,E30,M,66,59,34,25,54,45,55,67,38,58,47,35,50,50,29,54,39,24,48,50,34,48,44,26,34,13,19,60,36,5,12,54,16,3,18,19,53,5,11.5,27,49,24,28,12,7,NA,NA,NA,NA,NA,70,14,20,16,7
182,E31,F,68,81,42,67,81,56,74,77,48,67,81,48,62,65,56,77,73,47,76,78,56,73,72,60,64,82,49,91,75,56,62,83,63,52,50,72,92,95,67,78,121,71,62,55,42,116,99,77.5,71,63,101,NA,NA,52,27
183,E32,NA,NA,NA,NA,NA,NA,NA,NA,NA,NA,NA,NA,NA,NA,NA,NA,NA,NA,NA,NA,NA,NA,NA,NA,NA,70,61,76,78,79,41,84,75,69,46,78,56,84,58,102.5,70,101,56,115,68,38,114,94,119.5,63,66,NA,NA,NA,NA,NA
184,F01,F,74,86,79,71,85,76,84,91,76,76,97,78,NA,NA,NA,NA,NA,NA,NA,NA,NA,NA,NA,NA,NA,NA,NA,NA,NA,NA,NA,NA,NA,NA,NA,NA,NA,NA,NA,NA,NA,NA,NA,NA,NA,NA,NA,NA,NA,NA,NA,NA,NA,NA,NA
185,F02,F,70,91,68,69,77,68,74,82,71,68,84,74,NA,NA,NA,NA,NA,NA,NA,NA,NA,NA,NA,NA,NA,NA,NA,NA,NA,NA,NA,NA,NA,NA,NA,NA,NA,NA,NA,NA,NA,NA,NA,NA,NA,NA,NA,NA,NA,NA,NA,NA,NA,NA,NA
186,F03,F,79,66,84,86,63,84,79,82,81,79,82,87,80,85,76,81,80,89.5,78,76,81,72,61,87,76,69,78,90,81,70,86,85,73,48,79,77,89,79,103.5,89,115,92,107,67,44,124,109,129.5,64,78,107,92,124,62,45
187,F04,F,63,77,66,75,62,69,74,70,63,67,67,64,63,60,51,75,79,61,NA,NA,NA,67,64,69,NA,NA,NA,NA,NA,NA,NA,NA,NA,NA,NA,NA,NA,NA,NA,NA,NA,NA,NA,NA,NA,NA,NA,NA,NA,NA,NA,NA,NA,NA,NA
188,F05,F,73,80,86,72,81,84,75,80,77,79,74,87,70,89,83,74,87,85,69,66,83,75,66,88,78,73,81,87,84,75,80,87,68,78,84,87,86,93,94,94,120,118,110,69,45,116,126,117.5,75,85,118,94,129,69,53
189,F06,F,69,74,79,71,77,78,79,79,78,78,81,92,76,90,82,85,70,84,NA,NA,NA,77,67,90,NA,NA,NA,NA,NA,NA,NA,NA,NA,NA,NA,NA,NA,NA,NA,NA,NA,NA,NA,NA,NA,NA,NA,NA,NA,NA,NA,NA,NA,NA,NA
190,F07,F,67,62,66,72,75,62,76,88,64,72,79,71,74,82,60,78,77,68,NA,NA,NA,68,62,66,NA,NA,NA,NA,NA,NA,NA,NA,NA,NA,NA,NA,NA,NA,NA,NA,NA,NA,NA,NA,NA,NA,NA,NA,NA,NA,NA,NA,NA,NA,NA
191,F08,F,69,70,74,69,60,78,72,77,72,68,64,72,70,69,60,71,62,77,65,69,69,67,64,72,73,76,85,77,74,51,81,75,66,54,66,78,83,64,93.5,85,98,69,91,42,42,103,109,116.5,53,80,NA,NA,NA,NA,NA
192,F09,F,68,50,46,68,38,53,69,53,45,64,60,51,63,31,53,69,35,37.5,67,38,36,62,27,42,74,36,40,75,73,27,42,77,67,15,37,58,75,27,46,70,108,30,49,30,28,104,45,46,49,48,99,47,51.5,45,20
193,F10,F,59,34,48,58,22,58,56,23,42,69,24,42,59,16,44,70,14,49,61,17,37,48,19,41,65,11,37,47,59,4,54,51,54,8,41,31,70,17,44,52,88,8,64,35,15,95,28,51,27,27,73,62,73,34,13
194,F11,F,67,30,49,59,12,48,60,24,42,57,37,54,41,20,29,58,31,39,50,15,34,56,5,37,61,6,40,44,60,8,39,43,52,13,39,23,62,15,41,48,86,4,49,15,8,78,16,46,25,25,71,32,39,16,4
195,F12,F,75,76,72,69,75,75,71,76,68,65,49,74,76,41,63,68,45,76.5,74,51,69,59,34,70,74,56,83,60,83,32,71,69,62,25,65,61,79,36,80,70,101,28,80,19,40,113,53,88.5,48,60,NA,NA,NA,NA,NA
196,F13,F,60,61,52,64,55,47,58,70,57,69,62,55,72,62,57,64,58,45.5,NA,NA,NA,61,51,47,66,62,40,80,74,52,40,73,61,38,41,53,65,32,53,69,NA,NA,NA,NA,NA,NA,NA,NA,NA,NA,NA,NA,NA,NA,NA
197,F14,M,67,60,89,69,56,85,70,60,86,72,54,88,62,84,78,77,73,84.5,73,63,78,60,66,84,76,80,74,78,78,72,85,74,65,64,78,69,86,82,100,85,123,93,117,70,48,116,102,126.5,65,82,114,107,126,64,46
198,F15,M,72,90,66,75,83,71,69,86,56,60,91,68,77,80,69,81,93,75.5,NA,NA,NA,64,76,73,NA,NA,NA,NA,NA,NA,NA,NA,NA,NA,NA,NA,NA,NA,NA,NA,NA,NA,NA,NA,NA,NA,NA,NA,NA,NA,NA,NA,NA,NA,NA
199,F16,M,65,69,76,70,66,73,75,84,70,70,81,79,71,61,68,76,82,77.5,75,71,79,64,61,72,78,79,62,88,79,62,71,83,71,75,70,72,90,89,89.5,80,113,66,89,55,33,122,112,97.5,65,73,NA,NA,NA,NA,NA
200,F17,M,65,78,67,74,63,69,76,77,63,64,75,70,75,88,60,75,73,75,NA,NA,NA,71,65,62,NA,NA,NA,NA,NA,NA,NA,NA,NA,NA,NA,NA,NA,NA,NA,NA,NA,NA,NA,NA,NA,NA,NA,NA,NA,NA,NA,NA,NA,NA,NA
201,F18,M,54,55,63,43,44,55,54,61,55,63,55,60,54,51,52,59,56,43.5,58,65,53,46,55,56,60,57,46,67,63,53,54,63,55,48,54,35,67,54,63.5,55,86,58,66,38,17,80,91,73,54,51,77,76,80,46,19
202,F19,M,74,68,75,81,60,81,76,81,74,75,55,80,69,53,69,78,57,83.5,NA,NA,NA,69,54,81,NA,NA,NA,NA,NA,NA,NA,NA,NA,NA,NA,NA,NA,NA,NA,NA,NA,NA,NA,NA,NA,NA,NA,NA,NA,NA,NA,NA,NA,NA,NA
203,F20,M,74,97,89,57,91,85,70,92,82,64,88,81,51,85,74,80,93,80,56,74,82,64,64,89,72,84,68,89,70,55,78,85,65,61,82,82,77,71,105,88,97,46,109,72,49,87,89,128.5,67,69,71,90,129,62,38
204,F21,M,59,59,56,63,51,64,63,76,55,59,61,60,70,60,53,63,59,61,67,66,60,67,49,54,70,68,49,71,64,47,47,64,54,43,50,66,78,61,63.5,64,97,69,61,46,29,95,104,70,58,45,81,81,86,53,39
205,F22,M,69,90,76,64,86,75,64,84,62,62,84,75,48,89,73,68,85,78.5,56,84,79,57,74,71,68,76,67,90,66,86,78,87,63,60,70,88,73,92,77.5,94,102,97,80,73,48,89,134,113,82,78,90,120,117,75,45
206,F23,M,63,53,47,69,60,53,63,69,45,63,68,51,64,42,41,69,48,34,NA,NA,NA,62,46,35,NA,NA,NA,NA,NA,NA,NA,NA,NA,NA,NA,NA,NA,NA,NA,NA,NA,NA,NA,NA,NA,NA,NA,NA,NA,NA,NA,NA,NA,NA,NA
207,F24,M,65,51,57,66,57,60,NA,NA,NA,NA,NA,NA,NA,NA,NA,NA,NA,NA,NA,NA,NA,NA,NA,NA,NA,NA,NA,NA,NA,NA,NA,NA,NA,NA,NA,NA,NA,NA,NA,NA,NA,NA,NA,NA,NA,NA,NA,NA,NA,NA,NA,NA,NA,NA,NA
208,F25,M,64,80,66,73,78,53,70,81,63,63,80,62,71,86,53,74,83,63,71,67,60,67,65,71,75,74,56,89,79,71,61,77,63,69,67,84,83,91,84.5,91,96,88,76,68,44,103,123,94.5,77,86,110,99,89.5,71,47
209,F26,M,72,57,67,73,68,71,68,69,49,67,82,73,68,62,57,70,47,62.5,76,51,61,64,48,56,71,50,51,76,80,35,57,64,62,38,62,70,84,46,65,80,113,40,71,58,32,110,63,88,65,69,103,67,97,52,35
210,F27,M,64,69,51,78,72,47,70,86,60,69,64,66,61,48,40,74,61,55.5,72,59,53,65,42,45,70,64,47,76,80,49,46,73,68,51,48,61,82,51,65,80,105,47,55,35,20,103,70,60.5,54,36,NA,NA,NA,NA,NA
211,F28,M,60,72,62,67,60,70,68,73,74,67,74,78,49,73,68,67,59,68,NA,NA,NA,74,56,74,NA,NA,NA,NA,NA,NA,NA,NA,NA,NA,NA,NA,NA,NA,NA,NA,NA,NA,NA,NA,NA,NA,NA,NA,NA,NA,NA,NA,NA,NA,NA
212,F29,M,75,88,74,69,74,78,74,79,73,72,79,82,58,82,71,72,NA,85,NA,NA,NA,70,49,73,NA,NA,NA,NA,NA,NA,NA,NA,NA,NA,NA,NA,NA,NA,NA,NA,NA,NA,NA,NA,NA,NA,NA,NA,NA,NA,NA,NA,NA,NA,NA
213,F30,M,24,5,18,23,4,21,15,17,19,NA,NA,NA,NA,NA,NA,NA,NA,NA,NA,NA,NA,NA,NA,NA,NA,NA,NA,NA,NA,NA,NA,NA,NA,NA,NA,NA,NA,NA,NA,NA,NA,NA,NA,NA,NA,NA,NA,NA,NA,NA,NA,NA,NA,NA,NA
214,G01,F,79,58,60,65,67,53,77,62,62,74,64,61,74,57,55,78,70,65.5,79,86,60,70,68,62,81,57,44,92,78,72,62,79,68,73,56,86,83,87,80,92,110,102,75,61,52,122,108,86,76,81,116,111,91.5,80,50
215,G02,F,81,74,75,82,72,62,79,74,68,76,72,78,NA,NA,NA,NA,NA,NA,NA,NA,NA,NA,NA,NA,NA,NA,NA,NA,NA,NA,NA,NA,NA,NA,NA,NA,NA,NA,NA,NA,NA,NA,NA,NA,NA,NA,NA,NA,NA,NA,NA,NA,NA,NA,NA
216,G03,F,72,80,73,79,73,72,76,79,72,69,69,84,NA,NA,NA,NA,NA,NA,NA,NA,NA,NA,NA,NA,NA,NA,NA,NA,NA,NA,NA,NA,NA,NA,NA,NA,NA,NA,NA,NA,NA,NA,NA,NA,NA,NA,NA,NA,NA,NA,NA,NA,NA,NA,NA
217,G04,F,74,83,77,76,74,80,78,78,79,79,91,88,75,81,74,83,79,81,78,75,80,77,66,72,81,77,71,84,83,65,69,78,63,74,74,68,88,88,94,81,128,113,90,66,44,117,123,92,75,74,111,114,117.5,69,41
218,G05,F,65,60,71,60,62,77,80,64,76,71,67,83,76,65,67,75,65,76,NA,NA,NA,76,56,76,81,77,75,92,83,70,74,83,72,67,72,69,84,80,95,90,NA,NA,NA,NA,NA,NA,NA,NA,NA,NA,NA,NA,NA,NA,NA
219,G06,F,78,81,86,78,78,90,86,77,90,79,72,93,79,89,87,83,89,93.5,79,86,91,79,83,95,83,88,90,96,85,79,93,82,77,83,91,84,96,111,113.5,97,123,117,123,78,51,124,130,138.5,81,94,125,125,142,82,55
220,G07,F,72,64,65,67,38,51,75,55,60,70,61,48,64,62,58,69,69,56,NA,NA,NA,75,60,52,72,65,43,79,73,48,54,63,65,62,39,53,86,48,54,63,NA,NA,NA,NA,NA,NA,NA,NA,NA,NA,NA,NA,NA,NA,NA
221,G08,F,56,40,69,62,34,53,49,31,48,58,31,57,64,55,50,61,50,54.5,63,56,53,68,43,39,64,30,44,68,69,28,46,56,54,24,49,34,80,26,47.5,49,88,30,54,19,19,90,46,60,36,30,100,45,65,29,17
222,G09,F,60,57,43,70,38,52,61,19,37,62,27,39,60,18,36,61,35,33,NA,NA,NA,59,17,41,NA,NA,NA,NA,NA,NA,NA,NA,NA,NA,NA,NA,NA,NA,NA,NA,NA,NA,NA,NA,NA,NA,NA,NA,NA,NA,NA,NA,NA,NA,NA
223,G10,F,67,55,72,76,81,86,70,70,74,66,60,71,66,49,69,79,57,77.5,71,55,62,67,36,60,68,35,62,60,72,31,62,43,62,34,60,35,75,28,62.5,55,100,46,75,26,20,109,54,90.5,46,30,96,64,90,42,16
224,G11,F,64,42,67,69,56,52,71,62,62,71,73,53,73,60,63,75,53,54.5,77,62,64,63,49,53,73,63,51,70,77,35,55,63,66,60,52,58,84,62,72.5,73,103,63,78,52,42,117,98,89,62,72,98,106,104,62,41
225,G12,F,74,73,85,76,70,76,86,83,87,83,85,80,84,82,90,80,81,88.5,79,77,93,78,67,91,81,87,88,95,84,79,87,75,81,80,82,83,93,103,108,96,131,131,111,73,48,123,127,133,75,91,120,124,131,83,48
226,G13,F,61,38,60,65,26,61,61,33,50,70,19,47,70,14,45,67,14,47.5,67,10,41,67,10,44,64,9,40,56,75,5,42,49,59,2,36,38,70,15,40.5,53,98,24,49,26,23,93,17,56,32,51,97,24,87,35,26
227,G14,F,59,33,57,49,19,55,54,10,51,53,9,41,51,21,46,59,10,45.5,48,14,52,49,15,39,56,11,39,59,55,2,42,48,53,11,42,21,69,15,53.5,54,86,4,61,19,14,83,20,44,26,20,75,18,64.5,23,14
228,G15,M,70,70,73,72,72,79,78,71,77,72,69,78,67,61,73,72,67,76.5,NA,NA,NA,67,71,74,NA,NA,NA,NA,NA,NA,NA,NA,NA,NA,NA,NA,NA,NA,NA,NA,NA,NA,NA,NA,NA,NA,NA,NA,NA,NA,NA,NA,NA,NA,NA
229,G16,M,78,74,66,59,60,74,75,45,68,74,76,72,76,64,72,84,80,79.5,82,73,80,79,49,67,83,70,77,92,81,66,74,81,69,69,80,83,84,89,93,90,104,107,114,77,50,113,108,117.5,85,91,103,119,132,71,49
230,G17,M,70,81,66,69,71,70,69,69,73,74,63,79,NA,NA,NA,NA,NA,NA,NA,NA,NA,NA,NA,NA,NA,NA,NA,NA,NA,NA,NA,NA,NA,NA,NA,NA,NA,NA,NA,NA,NA,NA,NA,NA,NA,NA,NA,NA,NA,NA,NA,NA,NA,NA,NA
231,G18,M,67,77,71,61,77,82,75,80,71,62,71,87,62,71,74,69,74,83.5,71,79,86,69,57,82,73,80,64,89,75,61,71,73,59,76,69,74,79,94,86,79,103,116,91,69,44,110,117,114,80,82,94,118,123.5,78,42
232,G19,M,69,76,56,69,69,71,73,87,77,74,81,82,67,80,74,75,93,87.5,68,87,82,72,85,84,75,86,84,91,82,83,87,83,60,80,84,96,83,103,111,96,108,120,103,73,51,111,136,131,89,86,110,141,134,78,54
233,G20,M,73,92,75,79,84,74,75,75,80,74,63,85,76,78,72,78,86,78,76,75,78,76,72,85,84,84,76,87,81,55,73,76,76,78,74,76,85,76,91.5,82,114,90,107,67,44,120,111,117,77,70,108,121,130.5,76,44
234,G21,M,69,49,68,73,57,74,72,66,68,69,47,73,73,47,70,76,56,76.5,69,50,72,58,41,69,67,42,62,63,78,33,68,69,69,41,68,43,83,43,85,75,101,57,93,53,31,112,71,109.5,57,48,106,73,108,48,31
235,G22,M,62,63,76,72,60,87,74,50,73,72,55,83,72,63,72,72,73,80,NA,NA,NA,77,66,82,NA,NA,NA,NA,NA,NA,NA,NA,NA,NA,NA,NA,NA,NA,NA,NA,NA,NA,NA,NA,NA,NA,NA,NA,NA,NA,NA,NA,NA,NA,NA
236,G23,M,74,64,79,73,64,81,77,83,80,77,62,82,75,87,80,74,74,88,NA,NA,NA,76,70,80,NA,NA,NA,NA,NA,NA,NA,NA,NA,NA,NA,NA,NA,NA,NA,NA,NA,NA,NA,NA,NA,NA,NA,NA,NA,NA,NA,NA,NA,NA,NA
237,G24,M,75,62,60,77,55,71,78,64,69,73,54,71,79,44,67,80,61,73,77,66,64,70,37,63,79,54,56,78,79,45,57,67,70,27,55,49,85,36,73,77,127,25,65,44,17,112,34,75,42,24,NA,NA,NA,NA,NA
238,G25,M,67,49,49,55,54,55,72,51,60,74,26,49,45,12,33,74,18,49.5,77,27,44,66,15,46,78,3,32,79,80,8,45,62,53,12,29,36,77,14,58,67,107,12,35,30,33,94,20,52.5,46,75,93,10,60,42,39
239,G26,M,41,43,57,51,63,69,69,73,70,45,57,66,52,50,62,67,41,68.5,35,41,76,55,47,66,70,37,46,69,33,13,57,58,37,28,48,35,58,28,36,48,85,52,59,48,47,69,54,65,57,74,54,68,74,41,42
240,G27,M,70,80,77,69,75,77,76,87,79,82,56,78,77,74,74,78,75,81.5,76,84,86,73,81,81,85,63,77,84,79,74,78,85,73,73,78,81,91,93,102,98,112,119,106,67,51,119,133,123,88,86,112,114,134.5,74,52
241,G28,M,69,81,53,62,69,50,72,73,67,74,62,58,71,71,57,77,61,64,NA,NA,NA,70,69,58,NA,NA,NA,NA,NA,NA,NA,NA,NA,NA,NA,NA,NA,NA,NA,NA,NA,NA,NA,NA,NA,NA,NA,NA,NA,NA,NA,NA,NA,NA,NA
242,G29,M,59,12,62,57,9,54,48,12,48,60,19,58,57,10,50,62,18,45.5,59,18,60,60,4,44,54,7,46,47,58,2,45,53,49,5,41,17,61,43,62,46,86,4,51,22,14,89,10,58,30,25,78,26,77.5,29,9
243,G30,M,66,56,72,70,62,70,71,61,72,62,64,78,56,52,74,64,55,77.5,57,73,82,67,63,68,64,64,76,79,58,58,78,78,41,63,74,67,65,73,98,89,95,92,95,60,49,85,85,110.5,68,88,102,103,123.5,68,50
